{
  "bg": 210, 
  "temp": "absolute", 
  "snoozeBG": 134, 
  "recieved": true, 
  "predBGs": {
    "COB": [
      210, 
      210, 
      210, 
      209, 
      208, 
      206, 
      203, 
      200, 
      197, 
      192, 
      188, 
      183, 
      178, 
      172, 
      167, 
      161, 
      156, 
      150, 
      144, 
      139, 
      134, 
      129, 
      124, 
      120, 
      116, 
      112, 
      109, 
      106, 
      103, 
      101, 
      99, 
      97, 
      96, 
      95, 
      94, 
      93
    ], 
    "aCOB": [
      210, 
      216, 
      220, 
      221, 
      219, 
      215, 
      212, 
      208, 
      203, 
      198, 
      192, 
      187, 
      181, 
      174, 
      168, 
      162, 
      156, 
      149, 
      143, 
      137, 
      131, 
      126, 
      121, 
      116, 
      112, 
      108, 
      105, 
      102, 
      99, 
      97, 
      95, 
      93, 
      92, 
      91, 
      90, 
      89
    ], 
    "IOB": [
      210, 
      210, 
      210, 
      209, 
      207, 
      205, 
      202, 
      198, 
      194, 
      189, 
      184, 
      178, 
      172, 
      166, 
      160, 
      154, 
      147, 
      141, 
      135, 
      129, 
      123, 
      118, 
      113, 
      108, 
      104, 
      100, 
      97, 
      94, 
      91, 
      89, 
      87, 
      85, 
      84, 
      83, 
      82, 
      81, 
      80
    ]
  }, 
  "rate": 1.05, 
  "reason": "COB: 5, Dev: 8, BGI: -1.35, ISF: 74.8, Target: 115; Eventual BG 134>=115, 28m@1.460 = 0.681 > req 0.2540106951871658+0.1U", 
  "eventualBG": 134, 
  "timestamp": "2016-05-20T16:29:43.424492", 
  "duration": 30, 
  "tick": "+0"
}