{
  "bg": 196, 
  "temp": "absolute", 
  "snoozeBG": 143, 
  "recieved": true, 
  "predBGs": {
    "COB": [
      196, 
      196, 
      196, 
      195, 
      194, 
      192, 
      190, 
      188, 
      185, 
      182, 
      178, 
      175, 
      172, 
      169, 
      166, 
      162, 
      160, 
      157, 
      154, 
      152, 
      149, 
      148, 
      146, 
      145, 
      144, 
      144, 
      143, 
      143, 
      144, 
      144, 
      145, 
      145, 
      146, 
      147, 
      148, 
      149, 
      150
    ], 
    "aCOB": [
      196, 
      202, 
      207, 
      211, 
      214, 
      217, 
      219, 
      219, 
      219, 
      219, 
      218, 
      217, 
      215, 
      213, 
      211, 
      208, 
      205, 
      202, 
      199, 
      195, 
      191, 
      188, 
      184, 
      181, 
      177, 
      175, 
      172, 
      170, 
      168, 
      167, 
      166, 
      165, 
      164, 
      163, 
      162, 
      162, 
      161
    ], 
    "IOB": [
      196, 
      196, 
      195, 
      194, 
      192, 
      189, 
      185, 
      180, 
      175, 
      170, 
      164, 
      158, 
      151, 
      145, 
      139, 
      133, 
      127, 
      122, 
      116, 
      111, 
      106, 
      102, 
      98, 
      94, 
      91, 
      88, 
      86, 
      84, 
      82, 
      81, 
      79, 
      78, 
      77, 
      77, 
      76, 
      75
    ]
  }, 
  "rate": 2.0, 
  "reason": "COB: 31, Dev: 22, BGI: -3.74, Target: 115; Eventual BG 150>=115, 30m@1.220 = 0.610 > req 0.4794520547945206+0.1U", 
  "eventualBG": 150, 
  "timestamp": "2016-05-09T23:10:05.071794", 
  "duration": 30, 
  "tick": "+0"
}