{
  "bg": 154, 
  "temp": "absolute", 
  "snoozeBG": 125, 
  "recieved": true, 
  "predBGs": {
    "COB": [
      154, 
      157, 
      159, 
      160, 
      161, 
      162, 
      162, 
      162, 
      161, 
      160, 
      159, 
      157, 
      155, 
      153, 
      151, 
      149, 
      146, 
      144, 
      141, 
      139, 
      136, 
      134, 
      132, 
      130, 
      128, 
      127, 
      125, 
      124, 
      123, 
      121, 
      120, 
      119, 
      119, 
      118, 
      118, 
      117
    ], 
    "aCOB": [
      154, 
      163, 
      170, 
      175, 
      179, 
      182, 
      183, 
      182, 
      180, 
      177, 
      174, 
      170, 
      167, 
      163, 
      159, 
      155, 
      152, 
      148, 
      144, 
      140, 
      137, 
      134, 
      131, 
      128, 
      126, 
      124, 
      122, 
      121, 
      119, 
      118, 
      117, 
      116, 
      115, 
      115, 
      114
    ], 
    "IOB": [
      154, 
      156, 
      158, 
      159, 
      160, 
      160, 
      159, 
      158, 
      156, 
      153, 
      151, 
      147, 
      144, 
      140, 
      136, 
      133, 
      129, 
      125, 
      121, 
      118, 
      114, 
      111, 
      108, 
      106, 
      103, 
      101, 
      100, 
      98, 
      96, 
      95, 
      94, 
      93, 
      93, 
      92, 
      91
    ]
  }, 
  "rate": 1.0, 
  "reason": "COB: 9, Dev: 20, BGI: -0.27, Target: 115; Eventual BG 125>=115, 24m@0.980 = 0.392 > req 0.12755102040816327+0.1U", 
  "eventualBG": 125, 
  "timestamp": "2016-05-05T23:08:46.012262", 
  "duration": 30, 
  "tick": "+3"
}