{
  "bg": 115, 
  "temp": "absolute", 
  "snoozeBG": 135, 
  "recieved": true, 
  "predBGs": {
    "COB": [
      115, 
      121, 
      127, 
      132, 
      135, 
      138, 
      140, 
      140, 
      140, 
      139, 
      136, 
      133, 
      129, 
      125, 
      120, 
      116, 
      112, 
      107, 
      103, 
      99, 
      95, 
      92, 
      88, 
      85, 
      83, 
      80, 
      78, 
      76, 
      74, 
      73, 
      72, 
      71, 
      70, 
      70, 
      69
    ], 
    "aCOB": [
      115, 
      124, 
      132, 
      138, 
      142, 
      145, 
      146, 
      145, 
      142, 
      139, 
      135, 
      132, 
      127, 
      123, 
      119, 
      114, 
      110, 
      106, 
      101, 
      97, 
      94, 
      90, 
      87, 
      84, 
      81, 
      78, 
      76, 
      74, 
      72, 
      71, 
      70, 
      69, 
      68, 
      68, 
      68, 
      67
    ], 
    "IOB": [
      115, 
      121, 
      127, 
      132, 
      135, 
      138, 
      140, 
      140, 
      140, 
      138, 
      136, 
      132, 
      128, 
      124, 
      120, 
      115, 
      111, 
      106, 
      102, 
      98, 
      95, 
      91, 
      88, 
      85, 
      82, 
      79, 
      77, 
      75, 
      73, 
      72, 
      71, 
      70, 
      69, 
      69, 
      68
    ]
  }, 
  "rate": 0.85, 
  "reason": "COB: 9, Dev: 40, BGI: 0.4, ISF: 80.8, Target: 80; Eventual BG 91>=80, 17m@1.030 = 0.292 > req 0.13613861386138615+0.1U", 
  "eventualBG": 91, 
  "timestamp": "2016-05-30T09:38:44.963968", 
  "duration": 30, 
  "tick": "+7"
}