{
  "requested": {
    "duration": 30, 
    "rate": 0.65, 
    "temp": "absolute"
  }, 
  "bg": 107, 
  "temp": "absolute", 
  "snoozeBG": 150, 
  "timestamp": "2016-05-28T13:22:28.825136", 
  "predBGs": {
    "COB": [
      107, 
      112, 
      116, 
      119, 
      123, 
      125, 
      127, 
      129, 
      130, 
      130, 
      130, 
      129, 
      127, 
      125, 
      124, 
      122, 
      120, 
      118, 
      117, 
      115, 
      114, 
      113, 
      112, 
      111, 
      111, 
      110, 
      111, 
      111, 
      111, 
      112, 
      113, 
      115, 
      116, 
      118, 
      120, 
      122, 
      124
    ], 
    "aCOB": [
      107, 
      117, 
      126, 
      135, 
      143, 
      150, 
      156, 
      162, 
      166, 
      170, 
      173, 
      175, 
      177, 
      178, 
      178, 
      178, 
      178, 
      178, 
      178, 
      177, 
      177, 
      176, 
      176, 
      175, 
      175, 
      174, 
      174, 
      173, 
      173, 
      172, 
      172, 
      171, 
      171, 
      170, 
      170, 
      169
    ], 
    "IOB": [
      107, 
      111, 
      115, 
      118, 
      120, 
      121, 
      121, 
      120, 
      119, 
      116, 
      113, 
      109, 
      104, 
      98, 
      93, 
      88, 
      82, 
      77, 
      72, 
      68, 
      63, 
      59, 
      55, 
      51, 
      48, 
      45, 
      42, 
      39
    ]
  }, 
  "rate": 1.175, 
  "reason": "COB: 34, Dev: 26, BGI: 0.36, ISF: 88.9, Target: 115; Eventual BG 124>=115, 27m@0.725 = 0.326 > req 0.10123734533183351+0.1U", 
  "eventualBG": 124, 
  "recieved": false, 
  "duration": 26, 
  "tick": "+6"
}